 UBERON_0018578;UBERON_0004765
UBERON_0006246;UBERON_0004765
UBERON_0003406;UBERON_0004765
UBERON_0015099;UBERON_0004765
UBERON_0009194;UBERON_0004765
UBERON_0002860;UBERON_0000045
UBERON_0005653;UBERON_0004765
UBERON_0018596;UBERON_0004765
UBERON_0008435;UBERON_0004765
UBERON_0006849;UBERON_0004765
UBERON_2001626;UBERON_0004765
UBERON_0015016;UBERON_0004765
UBERON_0004394;UBERON_0004765
UBERON_0003414;UBERON_0004765
UBERON_0011623;UBERON_0004765
UBERON_0012078;UBERON_0004765
UBERON_0012109;UBERON_0004765
UBERON_0005446;UBERON_0004765
UBERON_0013498;UBERON_0000045
UBERON_0003933;UBERON_0004765
UBERON_0004626;UBERON_0004765
UBERON_0006810;UBERON_0004765
UBERON_0014438;UBERON_0004765
UBERON_0008788;UBERON_0004765
UBERON_0006726;UBERON_0000970
UBERON_0009637;UBERON_0004765
UBERON_0003464;UBERON_0004765
UBERON_0002501;UBERON_0004765
UBERON_0002827;UBERON_0000045
UBERON_0018667;UBERON_0004765
UBERON_4200172;UBERON_0004765
UBERON_0004109;UBERON_0004765
UBERON_0001766;UBERON_0000970
UBERON_0001435;UBERON_0004765
UBERON_0015003;UBERON_0004765
UBERON_0018553;UBERON_0004765
UBERON_0004415;UBERON_0004765
UBERON_0006332;UBERON_0004765
UBERON_0005361;UBERON_0000045
UBERON_0015085;UBERON_0004765
UBERON_0012301;UBERON_0000057
UBERON_0000975;UBERON_0004765
UBERON_0009098;UBERON_0000995
UBERON_0015042;UBERON_0004765
UBERON_0035204;UBERON_0005057
UBERON_0004416;UBERON_0004765
UBERON_0004662;UBERON_0004765
UBERON_0010732;UBERON_0004765
UBERON_0011594;UBERON_0004765
UBERON_0004387;UBERON_0004765
UBERON_0012131;UBERON_0004765
UBERON_0001479;UBERON_0004765
UBERON_0010846;UBERON_0004765
UBERON_0013279;UBERON_0004765
UBERON_0007819;UBERON_0004765
UBERON_0014730;UBERON_0004765
UBERON_0004605;UBERON_0004765
UBERON_0010700;UBERON_0004765
UBERON_0018651;UBERON_0004765
UBERON_0014804;UBERON_0004765
UBERON_0003868;UBERON_0004765
UBERON_0013582;UBERON_0004765
UBERON_0010745;UBERON_0004765
UBERON_0006262;UBERON_0004765
UBERON_0002279;UBERON_0004765
UBERON_0003667;UBERON_0004765
UBERON_0005014;UBERON_0000057
UBERON_0010363;UBERON_0004765
UBERON_0010842;UBERON_0004765
UBERON_0001275;UBERON_0004765
UBERON_0004437;UBERON_0004765
UBERON_0003483;UBERON_0005057
UBERON_0014872;UBERON_0004765
UBERON_0017269;UBERON_0004765
UBERON_0013631;UBERON_0004765
UBERON_0003828;UBERON_0004765
UBERON_0003314;UBERON_0000970
UBERON_0013231;UBERON_0000970
UBERON_0001684;UBERON_0004765
UBERON_0010568;UBERON_0004765
UBERON_0008909;UBERON_0004765
UBERON_0006633;UBERON_0004765
UBERON_0001337;UBERON_0000057
UBERON_0004444;UBERON_0004765
UBERON_0035964;UBERON_0004765
UBERON_0003620;UBERON_0004765
UBERON_0003466;UBERON_0004765
UBERON_0015017;UBERON_0004765
UBERON_0002125;UBERON_0005057
UBERON_0010569;UBERON_0004765
UBERON_0001028;UBERON_0004765
UBERON_0015040;UBERON_0004765
UBERON_0013749;UBERON_0004765
UBERON_0015109;UBERON_0004765
UBERON_0004332;UBERON_0004765
UBERON_0017312;UBERON_0004765
UBERON_0018597;UBERON_0004765
UBERON_0011221;UBERON_0000970
UBERON_0018589;UBERON_0004765
UBERON_0006837;UBERON_0004765
UBERON_0035606;UBERON_0004765
UBERON_0003865;UBERON_0004765
UBERON_0004400;UBERON_0004765
UBERON_0015087;UBERON_0004765
UBERON_0002527;UBERON_0005057
UBERON_0005055;UBERON_0004765
UBERON_0005080;UBERON_0002113
UBERON_0001839;UBERON_0004765
UBERON_0001956;UBERON_0004765
UBERON_0013422;UBERON_0004765
UBERON_0004610;UBERON_0004765
UBERON_0004618;UBERON_0004765
UBERON_0003647;UBERON_0004765
UBERON_4200038;UBERON_0004765
UBERON_0006495;UBERON_0004765
UBERON_0005127;UBERON_0002113
UBERON_0015880;UBERON_0005057
UBERON_0001335;UBERON_0000057
UBERON_0010578;UBERON_0004765
UBERON_0004624;UBERON_0004765
UBERON_0013612;UBERON_0004765
UBERON_0001990;UBERON_0000045
UBERON_0014886;UBERON_0004765
UBERON_0007643;UBERON_0005057
UBERON_0015043;UBERON_0004765
UBERON_0002853;UBERON_0000045
UBERON_0010522;UBERON_0004765
UBERON_0010581;UBERON_0004765
UBERON_0002834;UBERON_0000045
UBERON_0002850;UBERON_0000045
UBERON_0010721;UBERON_0004765
UBERON_0015088;UBERON_0004765
UBERON_0014875;UBERON_0004765
UBERON_0013504;UBERON_0004765
UBERON_0005453;UBERON_0000045
UBERON_0006288;UBERON_0004765
UBERON_0006247;UBERON_0004765
UBERON_0018144;UBERON_0004765
UBERON_0004722;UBERON_0005057
UBERON_0002858;UBERON_0000045
UBERON_0004791;UBERON_0005057
UBERON_0005108;UBERON_0002113
UBERON_0015019;UBERON_0004765
UBERON_0001776;UBERON_0000970
UBERON_0015863;UBERON_0005057
UBERON_0010570;UBERON_0004765
UBERON_0014881;UBERON_0004765
UBERON_0004505;UBERON_0000970
UBERON_0009992;UBERON_0000045
UBERON_0015116;UBERON_0004765
UBERON_0010851;UBERON_0004765
UBERON_0003060;UBERON_0002113
UBERON_0007170;UBERON_0004765
UBERON_0006801;UBERON_0004765
UBERON_0015104;UBERON_0004765
UBERON_0004313;UBERON_0004765
UBERON_0004300;UBERON_0004765
UBERON_0004325;UBERON_0004765
UBERON_0004432;UBERON_0004765
UBERON_0004634;UBERON_0004765
UBERON_0001447;UBERON_0004765
UBERON_0015001;UBERON_0004765
UBERON_0015094;UBERON_0004765
UBERON_0001607;UBERON_0000970
UBERON_0002508;UBERON_0005057
UBERON_0000019;UBERON_0000970
UBERON_0007997;UBERON_0004765
UBERON_0011157;UBERON_0004765
UBERON_0004411;UBERON_0004765
UBERON_0011344;UBERON_0004765
UBERON_0001095;UBERON_0004765
UBERON_0015010;UBERON_0004765
UBERON_0000998;UBERON_0000991
UBERON_0000035;UBERON_0000991
UBERON_0015876;UBERON_0005057
UBERON_0012307;UBERON_0005057
UBERON_0006428;UBERON_0004765
UBERON_0010428;UBERON_0004765
UBERON_0035131;UBERON_0004765
UBERON_0001098;UBERON_0004765
UBERON_0010379;UBERON_0000970
UBERON_0003675;UBERON_0004765
UBERON_0010545;UBERON_0004765
UBERON_0005701;UBERON_0004765
UBERON_0001738;UBERON_0004765
UBERON_0015059;UBERON_0004765
UBERON_0006682;UBERON_0004765
UBERON_0018554;UBERON_0004765
UBERON_0035128;UBERON_0004765
UBERON_0003604;UBERON_0004765
UBERON_0001449;UBERON_0004765
UBERON_0002395;UBERON_0004765
UBERON_0004528;UBERON_0004765
UBERON_0002513;UBERON_0004765
UBERON_0005134;UBERON_0002113
UBERON_0006763;UBERON_0000970
UBERON_0010560;UBERON_0004765
UBERON_0011309;UBERON_0004765
UBERON_0001762;UBERON_0004765
UBERON_0001989;UBERON_0000045
UBERON_0004439;UBERON_0004765
UBERON_0005483;UBERON_0005057
UBERON_0018571;UBERON_0004765
UBERON_0004403;UBERON_0004765
UBERON_0005687;UBERON_0004765
UBERON_0006170;UBERON_0002113
UBERON_0006679;UBERON_0004765
UBERON_0000083;UBERON_0002113
UBERON_0002851;UBERON_0000045
UBERON_0003943;UBERON_0000045
UBERON_0014489;UBERON_0004765
UBERON_0014397;UBERON_0004765
UBERON_0004249;UBERON_0004765
UBERON_0004865;UBERON_0004765
UBERON_0001808;UBERON_0000045
UBERON_0008432;UBERON_0004765
UBERON_0001131;UBERON_0004765
UBERON_0007374;UBERON_0004765
UBERON_0003338;UBERON_0000045
UBERON_0013584;UBERON_0004765
UBERON_0003981;UBERON_0000991
UBERON_0005325;UBERON_0002113
UBERON_0035849;UBERON_0004765
UBERON_0001807;UBERON_0000045
UBERON_0009470;UBERON_0004765
UBERON_0001692;UBERON_0004765
UBERON_0010677;UBERON_0004765
UBERON_0013685;UBERON_0004765
UBERON_0012289;UBERON_0004765
UBERON_0008962;UBERON_0004765
UBERON_0013585;UBERON_0004765
UBERON_0016386;UBERON_0005057
UBERON_0017272;UBERON_0004765
UBERON_0011187;UBERON_0004765
UBERON_0006802;UBERON_0004765
UBERON_0014802;UBERON_0004765
UBERON_0003654;UBERON_0004765
UBERON_0007914;UBERON_0004765
UBERON_0010579;UBERON_0004765
UBERON_0006862;UBERON_0004765
UBERON_0003467;UBERON_0004765
UBERON_0010847;UBERON_0004765
UBERON_0015056;UBERON_0004765
UBERON_0006531;UBERON_0000970
UBERON_0015868;UBERON_0005057
UBERON_0004428;UBERON_0004765
UBERON_0013069;UBERON_0004765
UBERON_0015867;UBERON_0005057
UBERON_0002414;UBERON_0004765
UBERON_0001863;UBERON_0004765
UBERON_0002208;UBERON_0004765
UBERON_0015114;UBERON_0004765
UBERON_0000450;UBERON_0000991
UBERON_0004654;UBERON_0004765
UBERON_0010559;UBERON_0004765
UBERON_0001450;UBERON_0004765
UBERON_0018550;UBERON_0004765
UBERON_0001687;UBERON_0004765
UBERON_0005296;UBERON_0000991
UBERON_0003407;UBERON_0004765
UBERON_0002194;UBERON_0005057
UBERON_0014437;UBERON_0004765
UBERON_0011141;UBERON_0004765
UBERON_0035765;UBERON_0005057
UBERON_0015041;UBERON_0004765
UBERON_0005136;UBERON_0002113
UBERON_0006312;UBERON_0000970
UBERON_0008436;UBERON_0004765
UBERON_0003315;UBERON_0000991
UBERON_0002428;UBERON_0004765
UBERON_0004623;UBERON_0004765
UBERON_0011607;UBERON_0004765
UBERON_0003074;UBERON_0002113
UBERON_0002375;UBERON_0004765
UBERON_0010737;UBERON_0004765
UBERON_0007644;UBERON_0005057
UBERON_0003677;UBERON_0004765
UBERON_0010535;UBERON_0002113
UBERON_0015039;UBERON_0004765
UBERON_0005427;UBERON_0000970
UBERON_0006294;UBERON_0004765
UBERON_0013617;UBERON_0004765
UBERON_0007255;UBERON_0004765
UBERON_0003267;UBERON_0004765
UBERON_0004106;UBERON_0004765
UBERON_0015069;UBERON_0004765
UBERON_0001608;UBERON_0000970
UBERON_0006326;UBERON_0004765
UBERON_0005899;UBERON_0004765
UBERON_0001437;UBERON_0004765
UBERON_0010684;UBERON_0004765
UBERON_0001305;UBERON_0000991
UBERON_0011624;UBERON_0004765
UBERON_0014883;UBERON_0004765
UBERON_0026584;UBERON_0004765
UBERON_0010557;UBERON_0004765
UBERON_0003655;UBERON_0004765
UBERON_0018664;UBERON_0004765
UBERON_0010586;UBERON_0004765
UBERON_0001819;UBERON_0000970
UBERON_0018599;UBERON_0004765
UBERON_0035371;UBERON_0005057
UBERON_0001711;UBERON_0000970
UBERON_0002059;UBERON_0000045
UBERON_0006672;UBERON_0004765
UBERON_0011628;UBERON_0004765
UBERON_0016454;UBERON_0004765
UBERON_0002120;UBERON_0002113
UBERON_0008461;UBERON_0004765
UBERON_0015054;UBERON_0004765
UBERON_0010585;UBERON_0004765
UBERON_0006767;UBERON_0004765
UBERON_0010801;UBERON_0004765
UBERON_0013510;UBERON_0004765
UBERON_0000047;UBERON_0000970
UBERON_0009127;UBERON_0000045
UBERON_0009989;UBERON_0004765
UBERON_0006320;UBERON_0000970
UBERON_0001991;UBERON_0000045
UBERON_0002856;UBERON_0000045
UBERON_0001604;UBERON_0000970
UBERON_0016399;UBERON_0005057
UBERON_0004096;UBERON_0004765
UBERON_0013748;UBERON_0004765
UBERON_0010742;UBERON_0004765
UBERON_0004769;UBERON_0004765
UBERON_0005114;UBERON_0002113
UBERON_0014444;UBERON_0004765
UBERON_0014486;UBERON_0004765
UBERON_0035298;UBERON_0004765
UBERON_0004767;UBERON_0004765
UBERON_0005147;UBERON_0002113
UBERON_0002487;UBERON_0004765
UBERON_0010913;UBERON_0004765
UBERON_0008775;UBERON_0004765
UBERON_0003674;UBERON_0004765
UBERON_0015181;UBERON_0004765
UBERON_0005908;UBERON_0000970
UBERON_0004742;UBERON_0004765
UBERON_0010740;UBERON_0004765
UBERON_0001823;UBERON_0004765
UBERON_0012311;UBERON_0005057
UBERON_0004621;UBERON_0004765
UBERON_0018584;UBERON_0004765
UBERON_0002844;UBERON_0000045
UBERON_0009197;UBERON_0004765
UBERON_0012306;UBERON_0005057
UBERON_0011641;UBERON_0004765
UBERON_0015840;UBERON_0004765
UBERON_0015060;UBERON_0004765
UBERON_0018551;UBERON_0004765
UBERON_0003962;UBERON_0000045
UBERON_0011608;UBERON_0004765
UBERON_0009117;UBERON_0000991
UBERON_0004870;UBERON_0005057
UBERON_0005913;UBERON_0004765
UBERON_0014430;UBERON_0004765
UBERON_0006806;UBERON_0004765
UBERON_0014874;UBERON_0004765
UBERON_0015878;UBERON_0005057
UBERON_0002848;UBERON_0000045
UBERON_0003355;UBERON_0004765
UBERON_0010409;UBERON_0000970
UBERON_0010679;UBERON_0004765
UBERON_0001094;UBERON_0004765
UBERON_0004611;UBERON_0004765
UBERON_0004377;UBERON_0004765
UBERON_0015871;UBERON_0005057
UBERON_0005355;UBERON_0004765
UBERON_0000036;UBERON_0000991
UBERON_0001446;UBERON_0004765
UBERON_0009193;UBERON_0004765
UBERON_0010358;UBERON_0004765
UBERON_0004327;UBERON_0004765
UBERON_0003459;UBERON_0004765
UBERON_0002855;UBERON_0000045
UBERON_0002512;UBERON_0000991
UBERON_0008456;UBERON_0004765
UBERON_0006254;UBERON_0004765
UBERON_0001424;UBERON_0004765
UBERON_0004331;UBERON_0004765
UBERON_0010573;UBERON_0004765
UBERON_0004421;UBERON_0004765
UBERON_0004425;UBERON_0004765
UBERON_0035139;UBERON_0004765
UBERON_0002497;UBERON_0004765
UBERON_0002854;UBERON_0000045
UBERON_0004390;UBERON_0004765
UBERON_0004419;UBERON_0004765
UBERON_0003666;UBERON_0004765
UBERON_0004817;UBERON_0000970
UBERON_0006248;UBERON_0004765
UBERON_0003960;UBERON_0004765
UBERON_0018613;UBERON_0004765
UBERON_0010911;UBERON_0004765
UBERON_0006807;UBERON_0004765
UBERON_0003268;UBERON_0004765
UBERON_0008431;UBERON_0004765
UBERON_0012302;UBERON_0000057
UBERON_0002507;UBERON_0005057
UBERON_0003608;UBERON_0004765
UBERON_0005945;UBERON_0004765
UBERON_0011135;UBERON_0004765
UBERON_0009636;UBERON_0004765
UBERON_0002195;UBERON_0005057
UBERON_0011679;UBERON_0004765
UBERON_0010575;UBERON_0004765
UBERON_0001688;UBERON_0004765
UBERON_0015883;UBERON_0005057
UBERON_0015048;UBERON_0004765
UBERON_0004388;UBERON_0004765
UBERON_0005700;UBERON_0004765
UBERON_0005815;UBERON_0004765
UBERON_0017299;UBERON_0004765
UBERON_0004422;UBERON_0004765
UBERON_0010567;UBERON_0004765
UBERON_0005328;UBERON_0002113
UBERON_0003482;UBERON_0004765
UBERON_0008457;UBERON_0004765
UBERON_0004302;UBERON_0004765
UBERON_0006234;UBERON_0004765
UBERON_0010850;UBERON_0004765
UBERON_0014763;UBERON_0004765
UBERON_0017295;UBERON_0004765
UBERON_0003425;UBERON_0005057
UBERON_0017298;UBERON_0004765
UBERON_0003964;UBERON_0000045
UBERON_0001601;UBERON_0000970
UBERON_0015111;UBERON_0004765
UBERON_0005411;UBERON_0004765
UBERON_0019253;UBERON_0004765
UBERON_0007254;UBERON_0004765
UBERON_0004118;UBERON_0000970
UBERON_0011250;UBERON_0004765
UBERON_0006063;UBERON_0004765
UBERON_0004633;UBERON_0004765
UBERON_0010741;UBERON_0004765
UBERON_0006643;UBERON_0000991
UBERON_0008427;UBERON_0004765
UBERON_0001431;UBERON_0004765
UBERON_0018606;UBERON_0004765
UBERON_0013766;UBERON_0000970
UBERON_0002441;UBERON_0000045
UBERON_0018284;UBERON_0004765
UBERON_0004379;UBERON_0004765
UBERON_0001848;UBERON_0004765
UBERON_0006721;UBERON_0004765
UBERON_0015013;UBERON_0004765
UBERON_0015115;UBERON_0004765
UBERON_0035776;UBERON_0000045
UBERON_0004337;UBERON_0004765
UBERON_0010884;UBERON_0004765
UBERON_0009990;UBERON_0004765
UBERON_0000081;UBERON_0002113
UBERON_0002509;UBERON_0005057
UBERON_0004864;UBERON_0000970
UBERON_0004417;UBERON_0004765
UBERON_0002845;UBERON_0000045
UBERON_0001985;UBERON_0000970
UBERON_0005708;UBERON_0004765
UBERON_0002863;UBERON_0000045
UBERON_0018601;UBERON_0004765
UBERON_0012468;UBERON_0004765
UBERON_0005013;UBERON_0000057
UBERON_0016394;UBERON_0005057
UBERON_0015023;UBERON_0004765
UBERON_0013121;UBERON_0004765
UBERON_0010186;UBERON_0000057
UBERON_0004315;UBERON_0004765
UBERON_0003458;UBERON_0004765
UBERON_0005320;UBERON_0002113
UBERON_0004336;UBERON_0004765
UBERON_0015180;UBERON_0004765
UBERON_0004619;UBERON_0004765
UBERON_0001799;UBERON_0000970
UBERON_0006762;UBERON_0000970
UBERON_0015881;UBERON_0005057
UBERON_0005323;UBERON_0002113
UBERON_0004604;UBERON_0004765
UBERON_0001269;UBERON_0004765
UBERON_0004632;UBERON_0004765
UBERON_0005132;UBERON_0002113
UBERON_0013767;UBERON_0004765
UBERON_0002429;UBERON_0005057
UBERON_0006811;UBERON_0004765
UBERON_0004368;UBERON_0004765
UBERON_0015009;UBERON_0004765
UBERON_0034680;UBERON_0004765
UBERON_0016395;UBERON_0005057
UBERON_0001679;UBERON_0004765
UBERON_0000130;UBERON_0004765
UBERON_0016423;UBERON_0004765
UBERON_0017297;UBERON_0004765
UBERON_0003720;UBERON_0004765
UBERON_0002413;UBERON_0004765
UBERON_0004603;UBERON_0004765
UBERON_0003999;UBERON_0004765
UBERON_0001481;UBERON_0004765
UBERON_0004424;UBERON_0004765
UBERON_0004622;UBERON_0004765
UBERON_0012315;UBERON_0004765
UBERON_0010718;UBERON_0004765
UBERON_0009007;UBERON_0005057
UBERON_0018294;UBERON_0004765
UBERON_0006289;UBERON_0004765
UBERON_0013507;UBERON_0004765
UBERON_0007829;UBERON_0004765
UBERON_0014441;UBERON_0004765
UBERON_0011164;UBERON_0004765
UBERON_0001012;UBERON_0004765
UBERON_0016481;UBERON_0005057
UBERON_0003637;UBERON_0004765
UBERON_0005897;UBERON_0004765
UBERON_0009984;UBERON_0004765
UBERON_0017313;UBERON_0004765
UBERON_0015090;UBERON_0004765
UBERON_0035171;UBERON_0005057
UBERON_0018614;UBERON_0004765
UBERON_0005814;UBERON_0004765
UBERON_0005363;UBERON_0000045
UBERON_0015046;UBERON_0004765
UBERON_0001678;UBERON_0004765
UBERON_0002862;UBERON_0000045
UBERON_0010366;UBERON_0000970
UBERON_0002482;UBERON_0004765
UBERON_0013752;UBERON_0004765
UBERON_0015078;UBERON_0004765
UBERON_0005151;UBERON_0002113
UBERON_0000080;UBERON_0002113
UBERON_0001867;UBERON_0004765
UBERON_0005137;UBERON_0002113
UBERON_0016425;UBERON_0004765
UBERON_0010746;UBERON_0004765
UBERON_0009979;UBERON_0004765
UBERON_0003690;UBERON_0004765
UBERON_0018160;UBERON_0004765
UBERON_0003639;UBERON_0004765
UBERON_0018568;UBERON_0004765
UBERON_0015045;UBERON_0004765
UBERON_0018143;UBERON_0004765
UBERON_0012116;UBERON_0004765
UBERON_0006768;UBERON_0004765
UBERON_0015032;UBERON_0004765
UBERON_0016396;UBERON_0005057
UBERON_0004655;UBERON_0004765
UBERON_0002504;UBERON_0004765
UBERON_0003462;UBERON_0004765
UBERON_0007820;UBERON_0004765
UBERON_0006286;UBERON_0004765
UBERON_0003722;UBERON_0004765
UBERON_0004393;UBERON_0004765
UBERON_0010547;UBERON_0004765
UBERON_0018575;UBERON_0004765
UBERON_0002824;UBERON_0000045
UBERON_0003866;UBERON_0004765
UBERON_0005745;UBERON_0004765
UBERON_0015007;UBERON_0004765
UBERON_0000332;UBERON_0004765
UBERON_0015869;UBERON_0005057
UBERON_0015844;UBERON_0004765
UBERON_0004103;UBERON_0004765
UBERON_0011050;UBERON_0004765
UBERON_0015024;UBERON_0004765
UBERON_0002123;UBERON_0005057
UBERON_0018579;UBERON_0004765
UBERON_0001689;UBERON_0004765
UBERON_0008115;UBERON_0004765
UBERON_0007180;UBERON_0000991
UBERON_0010128;UBERON_0000045
UBERON_0011220;UBERON_0004765
UBERON_0014490;UBERON_0004765
UBERON_0010187;UBERON_0000057
UBERON_0011094;UBERON_0004765
UBERON_0015029;UBERON_0004765
UBERON_0010356;UBERON_0004765
UBERON_0012071;UBERON_0004765
UBERON_0006761;UBERON_0000970
UBERON_0015838;UBERON_0004765
UBERON_0006723;UBERON_0004765
UBERON_0011977;UBERON_0004765
UBERON_0002124;UBERON_0005057
UBERON_0001800;UBERON_0000045
UBERON_0001698;UBERON_0004765
UBERON_0002478;UBERON_0004765
UBERON_0010752;UBERON_0004765
UBERON_0018621;UBERON_0004765
UBERON_0006812;UBERON_0004765
UBERON_0035083;UBERON_0004765
UBERON_0002234;UBERON_0004765
UBERON_0017261;UBERON_0004765
UBERON_0010571;UBERON_0004765
UBERON_0016931;UBERON_0004765
UBERON_0017296;UBERON_0004765
UBERON_0004617;UBERON_0004765
UBERON_0018233;UBERON_0000970
UBERON_0015038;UBERON_0004765
UBERON_0015469;UBERON_0005057
UBERON_0003218;UBERON_0000991
UBERON_0004382;UBERON_0004765
UBERON_0015034;UBERON_0004765
UBERON_0008459;UBERON_0004765
UBERON_0000961;UBERON_0000045
UBERON_0001453;UBERON_0004765
UBERON_0002500;UBERON_0004765
UBERON_0002374;UBERON_0004765
UBERON_0002205;UBERON_0004765
UBERON_0011678;UBERON_0004765
UBERON_0004328;UBERON_0004765
UBERON_0007252;UBERON_0004765
UBERON_0004508;UBERON_0000970
UBERON_0003317;UBERON_0004765
UBERON_0001782;UBERON_0000970
UBERON_0017270;UBERON_0004765
UBERON_0013463;UBERON_0004765
UBERON_0008460;UBERON_0004765
UBERON_0004440;UBERON_0004765
UBERON_0003449;UBERON_0004765
UBERON_0003998;UBERON_0004765
UBERON_0014485;UBERON_0004765
UBERON_0015839;UBERON_0004765
UBERON_0004606;UBERON_0004765
UBERON_0001805;UBERON_0000045
UBERON_0013588;UBERON_0004765
UBERON_0003107;UBERON_0004765
UBERON_0004910;UBERON_0000991
UBERON_0001767;UBERON_0000970
UBERON_0006532;UBERON_0000970
UBERON_0005744;UBERON_0004765
UBERON_0002496;UBERON_0004765
UBERON_0004395;UBERON_0004765
UBERON_0015022;UBERON_0004765
UBERON_0004607;UBERON_0004765
UBERON_0011142;UBERON_0004765
UBERON_0012360;UBERON_0004765
UBERON_0010129;UBERON_0004765
UBERON_0002347;UBERON_0004765
UBERON_0005106;UBERON_0002113
UBERON_0014887;UBERON_0004765
UBERON_0016896;UBERON_0004765
UBERON_0007260;UBERON_0004765
UBERON_0018623;UBERON_0004765
UBERON_0003650;UBERON_0004765
UBERON_0007355;UBERON_0004765
UBERON_0009468;UBERON_0004765
UBERON_0005331;UBERON_0002113
UBERON_0004386;UBERON_0004765
UBERON_0007134;UBERON_0000045
UBERON_0009980;UBERON_0004765
UBERON_0001448;UBERON_0004765
UBERON_0002840;UBERON_0000045
UBERON_0001755;UBERON_0004765
UBERON_0013630;UBERON_0004765
UBERON_0002857;UBERON_0000045
UBERON_0015837;UBERON_0004765
UBERON_0013753;UBERON_0004765
UBERON_0011625;UBERON_0004765
UBERON_0009978;UBERON_0004765
UBERON_0010678;UBERON_0004765
UBERON_0010321;UBERON_0004765
UBERON_0003457;UBERON_0004765
UBERON_0018376;UBERON_0004765
UBERON_0003450;UBERON_0004765
UBERON_0015037;UBERON_0004765
UBERON_0011941;UBERON_0004765
UBERON_0007266;UBERON_0004765
UBERON_0017690;UBERON_0004765
UBERON_0005129;UBERON_0002113
UBERON_0015077;UBERON_0004765
UBERON_0002122;UBERON_0005057
UBERON_0010230;UBERON_0000970
UBERON_0001713;UBERON_0000970
UBERON_0006192;UBERON_0002113
UBERON_0004338;UBERON_0004765
UBERON_0000029;UBERON_0005057
UBERON_0013503;UBERON_0004765
UBERON_0002203;UBERON_0000970
UBERON_0016476;UBERON_0004765
UBERON_0014439;UBERON_0004765
UBERON_0015089;UBERON_0004765
UBERON_0010733;UBERON_0004765
UBERON_0034898;UBERON_0004765
UBERON_0014484;UBERON_0004765
UBERON_0018542;UBERON_0004765
UBERON_0015047;UBERON_0004765
UBERON_0016934;UBERON_0004765
UBERON_0004768;UBERON_0004765
UBERON_0011597;UBERON_0004765
UBERON_0010576;UBERON_0004765
UBERON_0010680;UBERON_0004765
UBERON_0005463;UBERON_0005057
UBERON_0004108;UBERON_0004765
UBERON_0015049;UBERON_0004765
UBERON_0000219;UBERON_0004765
UBERON_0006650;UBERON_0000991
UBERON_0003857;UBERON_0000970
UBERON_0013508;UBERON_0004765
UBERON_0006062;UBERON_0004765
UBERON_0017614;UBERON_0004765
UBERON_0010055;UBERON_0004765
UBERON_0004311;UBERON_0004765
UBERON_0006174;UBERON_0002113
UBERON_0002842;UBERON_0000045
UBERON_0005707;UBERON_0004765
UBERON_0036301;UBERON_0005057
UBERON_0002836;UBERON_0000045
UBERON_0004736;UBERON_0002113
UBERON_0018573;UBERON_0004765
UBERON_0007844;UBERON_0004765
UBERON_0010675;UBERON_0004765
UBERON_0001105;UBERON_0004765
UBERON_0006209;UBERON_0004765
UBERON_0006196;UBERON_0002113
UBERON_0005919;UBERON_0004765
UBERON_0018595;UBERON_0004765
UBERON_0004629;UBERON_0004765
UBERON_0010994;UBERON_0004765
UBERON_0011244;UBERON_0004765
UBERON_0018604;UBERON_0004765
UBERON_0005332;UBERON_0002113
UBERON_0003687;UBERON_0004765
UBERON_0000473;UBERON_0000991
UBERON_0005146;UBERON_0002113
UBERON_0004330;UBERON_0004765
UBERON_0007175;UBERON_0004765
UBERON_0006245;UBERON_0004765
UBERON_0005081;UBERON_0002113
UBERON_0013649;UBERON_0004765
UBERON_0018607;UBERON_0004765
UBERON_0014442;UBERON_0004765
UBERON_0001803;UBERON_0000970
UBERON_0015057;UBERON_0004765
UBERON_0013509;UBERON_0004765
UBERON_0010744;UBERON_0004765
UBERON_0004396;UBERON_0004765
UBERON_0003827;UBERON_0004765
UBERON_0004423;UBERON_0004765
UBERON_0010747;UBERON_0004765
UBERON_0003821;UBERON_0004765
UBERON_0001439;UBERON_0004765
UBERON_0002502;UBERON_0004765
UBERON_0015110;UBERON_0004765
UBERON_0010852;UBERON_0004765
UBERON_0010577;UBERON_0004765
UBERON_0016393;UBERON_0005057
UBERON_0004431;UBERON_0004765
UBERON_0003913;UBERON_0004765
UBERON_0001077;UBERON_0004765
UBERON_0004436;UBERON_0004765
UBERON_0015105;UBERON_0004765
UBERON_0000980;UBERON_0004765
UBERON_0004637;UBERON_0004765
UBERON_0018552;UBERON_0004765
UBERON_0006285;UBERON_0004765
UBERON_0011095;UBERON_0004765
UBERON_0000976;UBERON_0004765
UBERON_0011319;UBERON_0004765
UBERON_0006715;UBERON_0004765
UBERON_0004407;UBERON_0004765
UBERON_0011863;UBERON_0004765
UBERON_0015084;UBERON_0004765
UBERON_0014504;UBERON_0004765
UBERON_0003932;UBERON_0004765
UBERON_0013619;UBERON_0004765
UBERON_0013192;UBERON_0000991
UBERON_0018377;UBERON_0004765
UBERON_0007818;UBERON_0004765
UBERON_0015067;UBERON_0004765
UBERON_0002835;UBERON_0000045
UBERON_0010853;UBERON_0004765
UBERON_0018591;UBERON_0004765
UBERON_0003963;UBERON_0000045
UBERON_0006822;UBERON_0004765
UBERON_0005124;UBERON_0002113
UBERON_0035764;UBERON_0005057
UBERON_0010309;UBERON_0000970
UBERON_0010309;UBERON_0004765
UBERON_0004420;UBERON_0004765
UBERON_0009640;UBERON_0004765
UBERON_0010330;UBERON_0000970
UBERON_0035279;UBERON_0005057
UBERON_0006673;UBERON_0004765
UBERON_0009985;UBERON_0004765
UBERON_0003603;UBERON_0004765
UBERON_0004251;UBERON_0004765
UBERON_0035783;UBERON_0000045
UBERON_0010389;UBERON_0004765
UBERON_0015918;UBERON_0005057
UBERON_0010701;UBERON_0004765
UBERON_0004389;UBERON_0004765
UBERON_0018622;UBERON_0004765
UBERON_0015061;UBERON_0004765
UBERON_0019315;UBERON_0000970
UBERON_0006960;UBERON_0000991
UBERON_0015050;UBERON_0004765
UBERON_0002106;UBERON_0005057
UBERON_0015877;UBERON_0005057
UBERON_0010294;UBERON_0000970
UBERON_0018576;UBERON_0004765
UBERON_0004384;UBERON_0004765
UBERON_0006321;UBERON_0000970
UBERON_0005324;UBERON_0002113
UBERON_0001251;UBERON_0005057
UBERON_0010565;UBERON_0004765
UBERON_0013164;UBERON_0004765
UBERON_0001429;UBERON_0004765
UBERON_0011677;UBERON_0004765
UBERON_0014624;UBERON_0004765
UBERON_0002484;UBERON_0004765
UBERON_0005410;UBERON_0004765
UBERON_0008789;UBERON_0004765
UBERON_0004329;UBERON_0004765
UBERON_0003678;UBERON_0004765
UBERON_0004438;UBERON_0004765
UBERON_0008883;UBERON_0004765
UBERON_0006667;UBERON_0004765
UBERON_0006271;UBERON_0004765
UBERON_0001960;UBERON_0005057
UBERON_0015870;UBERON_0005057
UBERON_0016944;UBERON_0004765
UBERON_0009638;UBERON_0004765
UBERON_0018326;UBERON_0004765
UBERON_0004451;UBERON_0004765
UBERON_0006722;UBERON_0004765
UBERON_0003606;UBERON_0004765
UBERON_0004625;UBERON_0004765
UBERON_0001693;UBERON_0004765
UBERON_0016412;UBERON_0004765
UBERON_0022284;UBERON_0000970
UBERON_0002295;UBERON_0004765
UBERON_0004805;UBERON_0000991
UBERON_0009114;UBERON_0005057
UBERON_0002440;UBERON_0000045
UBERON_0000361;UBERON_0004765
UBERON_0006776;UBERON_0004765
UBERON_0010699;UBERON_0004765
UBERON_0004651;UBERON_0004765
UBERON_0007174;UBERON_0004765
UBERON_0005654;UBERON_0004765
UBERON_0015031;UBERON_0004765
UBERON_0010687;UBERON_0004765
UBERON_0003652;UBERON_0004765
UBERON_0013616;UBERON_0004765
UBERON_0026586;UBERON_0004765
UBERON_0018302;UBERON_0004765
UBERON_0005321;UBERON_0002113
UBERON_0016440;UBERON_0004765
UBERON_0011979;UBERON_0004765
UBERON_0016378;UBERON_0005057
UBERON_0007993;UBERON_0004765
UBERON_0004326;UBERON_0004765
UBERON_0010527;UBERON_0004765
UBERON_0010686;UBERON_0004765
UBERON_0004413;UBERON_0004765
UBERON_0018603;UBERON_0004765
UBERON_0004631;UBERON_0004765
UBERON_0002007;UBERON_0005057
UBERON_0002514;UBERON_0004765
UBERON_0018407;UBERON_0004765
UBERON_0003221;UBERON_0004765
UBERON_0014487;UBERON_0004765
UBERON_0001542;UBERON_0005057
UBERON_0004409;UBERON_0004765
UBERON_0014882;UBERON_0004765
UBERON_0018562;UBERON_0004765
UBERON_0035007;UBERON_0004765
UBERON_0016492;UBERON_0004765
UBERON_0002396;UBERON_0004765
UBERON_0005130;UBERON_0002113
UBERON_0011976;UBERON_0004765
UBERON_0008429;UBERON_0004765
UBERON_0002838;UBERON_0000045
UBERON_0013621;UBERON_0004765
UBERON_0002516;UBERON_0004765
UBERON_0011343;UBERON_0004765
UBERON_0001714;UBERON_0000045
UBERON_0001806;UBERON_0000045
UBERON_0014440;UBERON_0004765
UBERON_0002847;UBERON_0000045
UBERON_0002446;UBERON_0004765
UBERON_0001091;UBERON_0004765
UBERON_0010550;UBERON_0004765
UBERON_0012110;UBERON_0004765
UBERON_0004627;UBERON_0004765
UBERON_0018673;UBERON_0004765
UBERON_0004446;UBERON_0004765
UBERON_0004445;UBERON_0004765
UBERON_0010349;UBERON_0004765
UBERON_0003253;UBERON_0004765
UBERON_0014762;UBERON_0004765
UBERON_0016933;UBERON_0004765
UBERON_0009006;UBERON_0005057
UBERON_0013750;UBERON_0004765
UBERON_0013620;UBERON_0004765
UBERON_0017671;UBERON_0004765
UBERON_0010697;UBERON_0004765
UBERON_0005111;UBERON_0002113
UBERON_2001457;UBERON_0004765
UBERON_1000024;UBERON_0005057
UBERON_0010583;UBERON_0004765
UBERON_0006863;UBERON_0004765
UBERON_0018644;UBERON_0004765
UBERON_0011222;UBERON_0000970
UBERON_0004641;UBERON_0005057
UBERON_0002861;UBERON_0000045
UBERON_0005922;UBERON_0004765
UBERON_0005893;UBERON_0004765
UBERON_0003995;UBERON_0004765
UBERON_0000313;UBERON_0004765
UBERON_0002443;UBERON_0000970
UBERON_0000037;UBERON_0000991
UBERON_0015112;UBERON_0004765
UBERON_0008001;UBERON_0004765
UBERON_0014805;UBERON_0004765
UBERON_0010885;UBERON_0004765
UBERON_0003605;UBERON_0000970
UBERON_0003463;UBERON_0004765
UBERON_0003968;UBERON_0005057
UBERON_0001436;UBERON_0004765
UBERON_0007958;UBERON_0004765
UBERON_0008433;UBERON_0004765
UBERON_0018101;UBERON_0004765
UBERON_0002006;UBERON_0005057
UBERON_0001079;UBERON_0004765
UBERON_0004402;UBERON_0004765
UBERON_0010548;UBERON_0004765
UBERON_0019255;UBERON_0000970
UBERON_0010537;UBERON_0002113
UBERON_0001066;UBERON_0004765
UBERON_0018594;UBERON_0004765
UBERON_0015113;UBERON_0004765
UBERON_0001307;UBERON_0000991
UBERON_0001455;UBERON_0004765
UBERON_0004620;UBERON_0004765
UBERON_0003858;UBERON_0000970
UBERON_0004234;UBERON_0000970
UBERON_0001809;UBERON_0000045
UBERON_0012241;UBERON_0000057
UBERON_0015092;UBERON_0004765
UBERON_0016491;UBERON_0004765
UBERON_0004447;UBERON_0004765
UBERON_0014801;UBERON_0004765
UBERON_0022292;UBERON_0005057
UBERON_0002058;UBERON_0000045
UBERON_0013687;UBERON_0004765
UBERON_0019254;UBERON_0000970
UBERON_0015044;UBERON_0004765
UBERON_0004773;UBERON_0000970
UBERON_0005709;UBERON_0004765
UBERON_0004319;UBERON_0004765
UBERON_0008426;UBERON_0004765
UBERON_0005925;UBERON_0004765
UBERON_0018577;UBERON_0004765
UBERON_0011245;UBERON_0004765
UBERON_0015841;UBERON_0004765
UBERON_0034770;UBERON_0000057
UBERON_0001701;UBERON_0000045
UBERON_0004704;UBERON_0004765
UBERON_0016943;UBERON_0004765
UBERON_0035612;UBERON_0004765
UBERON_0014483;UBERON_0004765
UBERON_0004527;UBERON_0004765
UBERON_0003339;UBERON_0000045
UBERON_0007257;UBERON_0004765
UBERON_0003651;UBERON_0004765
UBERON_0001606;UBERON_0000970
UBERON_0010757;UBERON_0004765
UBERON_0007265;UBERON_0004765
UBERON_0001681;UBERON_0004765
UBERON_0004659;UBERON_0004765
UBERON_0005920;UBERON_0004765
UBERON_0004383;UBERON_0004765
UBERON_0011188;UBERON_0004765
UBERON_0010738;UBERON_0004765
UBERON_0004546;UBERON_0004765
UBERON_0004405;UBERON_0004765
UBERON_0006533;UBERON_0000970
UBERON_0001543;UBERON_0005057
UBERON_0004434;UBERON_0004765
UBERON_0000981;UBERON_0004765
UBERON_0004238;UBERON_0005057
UBERON_0014411;UBERON_0004765
UBERON_0003649;UBERON_0004765
UBERON_0013506;UBERON_0004765
UBERON_0004323;UBERON_0004765
UBERON_0006010;UBERON_0000970
UBERON_0018242;UBERON_0004765
UBERON_0018409;UBERON_0004765
UBERON_0003997;UBERON_0004765
UBERON_0018102;UBERON_0004765
UBERON_0010151;UBERON_0000057
UBERON_0018583;UBERON_0004765
UBERON_0002826;UBERON_0000045
UBERON_0011004;UBERON_0004765
UBERON_0006106;UBERON_0004765
UBERON_0005921;UBERON_0004765
UBERON_0014870;UBERON_0004765
UBERON_0001578;UBERON_0000970
UBERON_0015859;UBERON_0005057
UBERON_0015008;UBERON_0004765
UBERON_0001067;UBERON_0004765
UBERON_0005808;UBERON_0004765
UBERON_0015846;UBERON_0004765
UBERON_0001700;UBERON_0000045
UBERON_0004399;UBERON_0004765
UBERON_0018600;UBERON_0004765
UBERON_0006865;UBERON_0004765
UBERON_0006431;UBERON_0004765
UBERON_0005638;UBERON_0000970
UBERON_0007176;UBERON_0004765
UBERON_0010355;UBERON_0004765
UBERON_0015866;UBERON_0005057
UBERON_0002846;UBERON_0000045
UBERON_0010685;UBERON_0004765
UBERON_0004636;UBERON_0004765
UBERON_0009991;UBERON_0004765
UBERON_0001798;UBERON_0000970
UBERON_0011978;UBERON_0004765
UBERON_0004609;UBERON_0004765
UBERON_0015884;UBERON_0005057
UBERON_0007172;UBERON_0004765
UBERON_0011974;UBERON_0004765
UBERON_0002515;UBERON_0004765
UBERON_0010886;UBERON_0004765
UBERON_0011973;UBERON_0004765
UBERON_0004658;UBERON_0004765
UBERON_0015165;UBERON_0000970
UBERON_0002366;UBERON_0000057
UBERON_0015064;UBERON_0004765
UBERON_0003982;UBERON_0000991
UBERON_0001334;UBERON_0000057
UBERON_0003867;UBERON_0004765
UBERON_0010549;UBERON_0004765
UBERON_0001603;UBERON_0000970
UBERON_0003689;UBERON_0004765
UBERON_0010424;UBERON_0004765
UBERON_0014503;UBERON_0004765
UBERON_0015872;UBERON_0005057
UBERON_0004649;UBERON_0004765
UBERON_0001304;UBERON_0000991
UBERON_0002528;UBERON_0005057
UBERON_0003656;UBERON_0004765
UBERON_0010580;UBERON_0004765
UBERON_0003642;UBERON_0004765
UBERON_0035034;UBERON_0000970
UBERON_0006820;UBERON_0004765
UBERON_0003640;UBERON_0004765
UBERON_0004324;UBERON_0004765
UBERON_0005140;UBERON_0002113
UBERON_0014395;UBERON_0004765
UBERON_0013581;UBERON_0004765
UBERON_0013613;UBERON_0004765
UBERON_0001097;UBERON_0005057
UBERON_0014446;UBERON_0004765
UBERON_0014463;UBERON_0000045
UBERON_0005809;UBERON_0004765
UBERON_0006295;UBERON_0004765
UBERON_0004753;UBERON_0004765
UBERON_0015106;UBERON_0004765
UBERON_0010881;UBERON_0004765
UBERON_0008772;UBERON_0004765
UBERON_0013068;UBERON_0004765
UBERON_0011370;UBERON_0004765
UBERON_0001474;UBERON_0004765
UBERON_0010054;UBERON_0004765
UBERON_0002231;UBERON_0004765
UBERON_0018373;UBERON_0004765
UBERON_0013586;UBERON_0004765
UBERON_0011593;UBERON_0004765
UBERON_0003312;UBERON_0000991
UBERON_0004635;UBERON_0004765
UBERON_0010533;UBERON_0002113
UBERON_0002503;UBERON_0004765
UBERON_0001602;UBERON_0000970
UBERON_0001078;UBERON_0004765
UBERON_0003451;UBERON_0004765
UBERON_0001818;UBERON_0000970
UBERON_0003973;UBERON_0004765
UBERON_0018508;UBERON_0004765
UBERON_0012309;UBERON_0005057
UBERON_0014436;UBERON_0004765
UBERON_0014505;UBERON_0004765
UBERON_0001454;UBERON_0004765
UBERON_0002841;UBERON_0000045
UBERON_0001673;UBERON_0000970
UBERON_0001273;UBERON_0004765
UBERON_0010574;UBERON_0004765
UBERON_0018616;UBERON_0004765
UBERON_0014876;UBERON_0004765
UBERON_0004406;UBERON_0004765
UBERON_0016397;UBERON_0005057
UBERON_0016932;UBERON_0004765
UBERON_0004435;UBERON_0004765
UBERON_0012358;UBERON_0004765
UBERON_0004410;UBERON_0004765
UBERON_0015860;UBERON_0005057
UBERON_0015108;UBERON_0004765
UBERON_0001427;UBERON_0004765
UBERON_0015058;UBERON_0004765
UBERON_0003645;UBERON_0004765
UBERON_0004333;UBERON_0004765
UBERON_0013634;UBERON_0004765
UBERON_0002236;UBERON_0004765
UBERON_0001248;UBERON_0005057
UBERON_0006440;UBERON_0004765
UBERON_0012104;UBERON_0004765
UBERON_0002843;UBERON_0000045
UBERON_0012070;UBERON_0004765
UBERON_0003996;UBERON_0004765
UBERON_0005109;UBERON_0002113
UBERON_0010682;UBERON_0004765
UBERON_0013632;UBERON_0004765
UBERON_0010534;UBERON_0002113
UBERON_0001092;UBERON_0004765
UBERON_0014488;UBERON_0004765
UBERON_0002228;UBERON_0004765
UBERON_0006322;UBERON_0000970
UBERON_0010388;UBERON_0004765
UBERON_0005342;UBERON_0004765
UBERON_0006311;UBERON_0000970
UBERON_0007115;UBERON_0004765
UBERON_0018593;UBERON_0004765
UBERON_0018145;UBERON_0004765
UBERON_0001343;UBERON_0000991
UBERON_0002445;UBERON_0004765
UBERON_0011958;UBERON_0004765
UBERON_0015004;UBERON_0004765
UBERON_0004318;UBERON_0004765
UBERON_0015857;UBERON_0005057
UBERON_0006565;UBERON_0000057
UBERON_0004602;UBERON_0004765
UBERON_0007711;UBERON_0000045
UBERON_0006657;UBERON_0004765
UBERON_0002244;UBERON_0004765
UBERON_0004652;UBERON_0004765
UBERON_0004850;UBERON_0005057
UBERON_0005869;UBERON_0004765
UBERON_0011130;UBERON_0004765
UBERON_0006228;UBERON_0004765
UBERON_0008823;UBERON_0000955
UBERON_0005125;UBERON_0002113
UBERON_0010714;UBERON_0004765
UBERON_0002520;UBERON_0005057
UBERON_0015102;UBERON_0004765
UBERON_0035848;UBERON_0004765
UBERON_0008430;UBERON_0004765
UBERON_0003601;UBERON_0004765
UBERON_0006959;UBERON_0004765
UBERON_0004316;UBERON_0004765
UBERON_0010883;UBERON_0004765
UBERON_0008462;UBERON_0004765
UBERON_0002229;UBERON_0004765
UBERON_0010683;UBERON_0004765
UBERON_0015030;UBERON_0004765
UBERON_0016508;UBERON_0000045
UBERON_0005117;UBERON_0002113
UBERON_0002852;UBERON_0000045
UBERON_0002526;UBERON_0005057
UBERON_0006230;UBERON_0000970
UBERON_0018413;UBERON_0004765
UBERON_0015472;UBERON_0005057
UBERON_0004601;UBERON_0004765
UBERON_0012073;UBERON_0004765
UBERON_0010698;UBERON_0004765
UBERON_0001677;UBERON_0004765
UBERON_0004630;UBERON_0004765
UBERON_0015865;UBERON_0005057
UBERON_0035219;UBERON_0005057
UBERON_0004335;UBERON_0004765
UBERON_0000401;UBERON_0004765
UBERON_0003653;UBERON_0004765
UBERON_0016452;UBERON_0004765
UBERON_0015079;UBERON_0004765
UBERON_0002230;UBERON_0004765
UBERON_0006306;UBERON_0004765
UBERON_0013399;UBERON_0000970
UBERON_0013135;UBERON_0004765
UBERON_0001342;UBERON_0000991
UBERON_0003648;UBERON_0004765
UBERON_0035495;UBERON_0005057
UBERON_0012126;UBERON_0004765
UBERON_0035132;UBERON_0004765
UBERON_0003484;UBERON_0000970
UBERON_0004404;UBERON_0004765
UBERON_0011975;UBERON_0004765
UBERON_0000992;UBERON_0000991
UBERON_0005710;UBERON_0004765
UBERON_0014491;UBERON_0004765
UBERON_0002506;UBERON_0000970
UBERON_0001350;UBERON_0004765
UBERON_0001102;UBERON_0004765
UBERON_0004429;UBERON_0004765
UBERON_0004715;UBERON_0004765
UBERON_0009291;UBERON_0004765
UBERON_0001778;UBERON_0000970
UBERON_0015063;UBERON_0004765
UBERON_0018617;UBERON_0004765
UBERON_0004414;UBERON_0004765
UBERON_0002849;UBERON_0000045
UBERON_0015053;UBERON_0004765
UBERON_0003638;UBERON_0004765
UBERON_0015086;UBERON_0004765
UBERON_0010681;UBERON_0004765
UBERON_0005110;UBERON_0002113
UBERON_0013280;UBERON_0004765
UBERON_0004398;UBERON_0004765
UBERON_0005103;UBERON_0002113
UBERON_0006742;UBERON_0000970
UBERON_0001686;UBERON_0004765
UBERON_0007120;UBERON_0004765
UBERON_0001680;UBERON_0004765
UBERON_0015751;UBERON_0000970
UBERON_0014445;UBERON_0004765
UBERON_0010273;UBERON_0004765
UBERON_0005456;UBERON_0004765
UBERON_0016455;UBERON_0004765
UBERON_0005479;UBERON_0000045
UBERON_0015083;UBERON_0004765
UBERON_0005051;UBERON_0000991
UBERON_0015082;UBERON_0004765
UBERON_0003845;UBERON_0000970
UBERON_0015021;UBERON_0004765
UBERON_0007830;UBERON_0004765
UBERON_0004322;UBERON_0004765
UBERON_0015923;UBERON_0005057
UBERON_0002825;UBERON_0000045
UBERON_0003844;UBERON_0000970
UBERON_0001430;UBERON_0004765
UBERON_0000044;UBERON_0000045
UBERON_0004418;UBERON_0004765
UBERON_0001694;UBERON_0004765
UBERON_0035129;UBERON_0004765
UBERON_0004397;UBERON_0004765
UBERON_0018570;UBERON_0004765
UBERON_0017613;UBERON_0004765
UBERON_0013751;UBERON_0004765
UBERON_0017271;UBERON_0004765
UBERON_0035769;UBERON_0000045
UBERON_0016930;UBERON_0004765
UBERON_0001695;UBERON_0004765
UBERON_0011606;UBERON_0004765
UBERON_0001742;UBERON_0004765
UBERON_0007263;UBERON_0004765
UBERON_0004628;UBERON_0004765
UBERON_0000209;UBERON_0004765
UBERON_0018598;UBERON_0004765
UBERON_0005614;UBERON_0000970
UBERON_0003641;UBERON_0004765
UBERON_0004739;UBERON_0002113
UBERON_0015453;UBERON_0005057
UBERON_0016392;UBERON_0005057
UBERON_0003864;UBERON_0004765
UBERON_0013505;UBERON_0004765
UBERON_0000395;UBERON_0000045
UBERON_0011627;UBERON_0004765
UBERON_0005322;UBERON_0002113
UBERON_0004426;UBERON_0004765
UBERON_0007712;UBERON_0000045
UBERON_0010541;UBERON_0004765
UBERON_0018321;UBERON_0004765
UBERON_0001451;UBERON_0004765
UBERON_0002218;UBERON_0004765
UBERON_0012310;UBERON_0005057
UBERON_0015002;UBERON_0004765
UBERON_0010357;UBERON_0004765
UBERON_0005871;UBERON_0004765
UBERON_0007775;UBERON_0004765
UBERON_0002397;UBERON_0004765
UBERON_0004448;UBERON_0004765
UBERON_0001796;UBERON_0000970
UBERON_0018574;UBERON_0004765
UBERON_0004441;UBERON_0004765
UBERON_0001739;UBERON_0004765
UBERON_0002262;UBERON_0000045
UBERON_0006323;UBERON_0000970
UBERON_0006068;UBERON_0004765
UBERON_0005611;UBERON_0000970
UBERON_0015895;UBERON_0005057
UBERON_0000408;UBERON_0000045
UBERON_0015091;UBERON_0004765
UBERON_0004766;UBERON_0004765
UBERON_0010584;UBERON_0004765
UBERON_0006255;UBERON_0004765
UBERON_0018415;UBERON_0004765
UBERON_0015027;UBERON_0004765
UBERON_0001272;UBERON_0004765
UBERON_0004756;UBERON_0004765
UBERON_0012075;UBERON_0004765
UBERON_0006213;UBERON_0004765
UBERON_0001605;UBERON_0000970
UBERON_0009758;UBERON_0000045
UBERON_0010582;UBERON_0004765
UBERON_0010849;UBERON_0004765
UBERON_0011576;UBERON_0004765
UBERON_0002481;UBERON_0004765
UBERON_0012130;UBERON_0004765
UBERON_0005330;UBERON_0002113
UBERON_0002225;UBERON_0004765
UBERON_0001676;UBERON_0004765
UBERON_0013228;UBERON_0000970
UBERON_0004911;UBERON_0000991
UBERON_0018282;UBERON_0004765
UBERON_0007262;UBERON_0004765
UBERON_0008202;UBERON_0004765
UBERON_0018348;UBERON_0004765
UBERON_0016398;UBERON_0005057
UBERON_0001452;UBERON_0004765
UBERON_0008449;UBERON_0004765
UBERON_0007173;UBERON_0004765
UBERON_0006061;UBERON_0004765
UBERON_0002524;UBERON_0005057
UBERON_0018608;UBERON_0004765
UBERON_0008193;UBERON_0004765
UBERON_0012175;UBERON_0000045
UBERON_0003460;UBERON_0004765
UBERON_0015081;UBERON_0004765
UBERON_0003269;UBERON_0000970
UBERON_0006290;UBERON_0004765
UBERON_0003863;UBERON_0004765
UBERON_0004433;UBERON_0004765
UBERON_0015917;UBERON_0005057
UBERON_0001683;UBERON_0004765
UBERON_0015101;UBERON_0004765
UBERON_0016510;UBERON_0000057
UBERON_0001433;UBERON_0004765
UBERON_0006291;UBERON_0004765
UBERON_0007828;UBERON_0004765
UBERON_0015055;UBERON_0004765
UBERON_0003861;UBERON_0004765
UBERON_0004321;UBERON_0004765
UBERON_0012357;UBERON_0004765
UBERON_0015100;UBERON_0004765
UBERON_0014443;UBERON_0004765
UBERON_0014386;UBERON_0004765
UBERON_0007822;UBERON_0004765
UBERON_0018653;UBERON_0004765
UBERON_0014873;UBERON_0004765
UBERON_4200230;UBERON_0004765
UBERON_0011342;UBERON_0004765
UBERON_0004401;UBERON_0004765
UBERON_0015028;UBERON_0004765
UBERON_0017612;UBERON_0004765
UBERON_0004334;UBERON_0004765
UBERON_0012236;UBERON_0005057
UBERON_0006318;UBERON_0000970
UBERON_0004277;UBERON_0000970
UBERON_0010558;UBERON_0004765
UBERON_0007719;UBERON_0004765
UBERON_0007354;UBERON_0004765
UBERON_0006668;UBERON_0004765
UBERON_0003636;UBERON_0004765
UBERON_0004412;UBERON_0004765
UBERON_0018146;UBERON_0004765
UBERON_0018640;UBERON_0004765
UBERON_0002239;UBERON_0004765
UBERON_0011104;UBERON_0004765
UBERON_0004442;UBERON_0004765
UBERON_0000144;UBERON_0004765
UBERON_0002412;UBERON_0004765
UBERON_0005309;UBERON_0002113
UBERON_0016497;UBERON_0004765
UBERON_0005327;UBERON_0002113
UBERON_0014501;UBERON_0004765
UBERON_0006435;UBERON_0004765
UBERON_0002370;UBERON_0005057
UBERON_0015808;UBERON_0000970
UBERON_0010551;UBERON_0004765
UBERON_0005360;UBERON_0000045
UBERON_0005364;UBERON_0000045
UBERON_0001685;UBERON_0004765
UBERON_0007264;UBERON_0004765
UBERON_0001438;UBERON_0004765
UBERON_0008434;UBERON_0004765
UBERON_0015093;UBERON_0004765
UBERON_0006214;UBERON_0004765
UBERON_0018099;UBERON_0004765
UBERON_0003826;UBERON_0004765
UBERON_0000210;UBERON_0004765
UBERON_0012359;UBERON_0004765
UBERON_0014885;UBERON_0004765
UBERON_0009191;UBERON_0004765
UBERON_0018580;UBERON_0004765
UBERON_0007261;UBERON_0004765
UBERON_0004250;UBERON_0004765
UBERON_0014803;UBERON_0004765
UBERON_0001480;UBERON_0004765
UBERON_0005135;UBERON_0002113
UBERON_0001333;UBERON_0000057
UBERON_0003846;UBERON_0005057
UBERON_0009988;UBERON_0004765
UBERON_0001754;UBERON_0004765
UBERON_0005122;UBERON_0002113
UBERON_0001010;UBERON_0004765
UBERON_0013122;UBERON_0004765
UBERON_0010676;UBERON_0004765
UBERON_0009635;UBERON_0004765
UBERON_0006190;UBERON_0002113
UBERON_0012290;UBERON_0004765
UBERON_0005297;UBERON_0000991
UBERON_0004380;UBERON_0004765
UBERON_0014502;UBERON_0004765
UBERON_0018561;UBERON_0004765
UBERON_0001432;UBERON_0004765
UBERON_0008463;UBERON_0004765
UBERON_0001675;UBERON_0000045
UBERON_0004314;UBERON_0004765
UBERON_0000199;UBERON_0004765
UBERON_0005249;UBERON_0002113
UBERON_0016928;UBERON_0004765
UBERON_0018285;UBERON_0004765
UBERON_0001712;UBERON_0000970
UBERON_0015080;UBERON_0004765
UBERON_0004378;UBERON_0004765
UBERON_0015107;UBERON_0004765
UBERON_0002495;UBERON_0004765
UBERON_0001076;UBERON_0004765
UBERON_0014884;UBERON_0004765
UBERON_0014731;UBERON_0004765
UBERON_0004320;UBERON_0004765
UBERON_0004774;UBERON_0000970
UBERON_0005407;UBERON_0000045
UBERON_0001075;UBERON_0004765
UBERON_0012308;UBERON_0005057
UBERON_0010727;UBERON_0004765
UBERON_0012288;UBERON_0004765
UBERON_0015036;UBERON_0004765
UBERON_0013618;UBERON_0004765
UBERON_0002839;UBERON_0000045
UBERON_0001764;UBERON_0004765
UBERON_0004317;UBERON_0004765
UBERON_0002371;UBERON_0004765
UBERON_0015035;UBERON_0004765
UBERON_0008786;UBERON_0004765
UBERON_0010561;UBERON_0004765
UBERON_0010572;UBERON_0004765
UBERON_0001423;UBERON_0004765
UBERON_0004430;UBERON_0004765
UBERON_0015095;UBERON_0004765
UBERON_0018265;UBERON_0004765
UBERON_0018643;UBERON_0004765
UBERON_0005480;UBERON_0004765
UBERON_0001274;UBERON_0004765
UBERON_0007821;UBERON_0004765
UBERON_0006864;UBERON_0004765
UBERON_0002242;UBERON_0004765
UBERON_0002837;UBERON_0000045
UBERON_0001772;UBERON_0000970
UBERON_0016419;UBERON_0004765
UBERON_0011959;UBERON_0004765
UBERON_0015014;UBERON_0004765
UBERON_0018654;UBERON_0004765
UBERON_0010882;UBERON_0004765
UBERON_0002222;UBERON_0004765
UBERON_0008907;UBERON_0004765
UBERON_0010566;UBERON_0004765
UBERON_0001080;UBERON_0004765
UBERON_0018588;UBERON_0004765
UBERON_0001864;UBERON_0004765
UBERON_0010066;UBERON_0004765
UBERON_0002207;UBERON_0004765
UBERON_0004312;UBERON_0004765
UBERON_0017692;UBERON_0004765
UBERON_0002238;UBERON_0004765
UBERON_0005362;UBERON_0000045
UBERON_0001682;UBERON_0004765
UBERON_0004391;UBERON_0004765
UBERON_0014871;UBERON_0004765
UBERON_0004608;UBERON_0004765
UBERON_0004443;UBERON_0004765
UBERON_0011015;UBERON_0004765
UBERON_0035520;UBERON_0005057
UBERON_0010848;UBERON_0004765
UBERON_0018142;UBERON_0004765
UBERON_0035162;UBERON_0005057
UBERON_0018100;UBERON_0004765
UBERON_0005816;UBERON_0004765
UBERON_0002859;UBERON_0000045
UBERON_0017751;UBERON_0004765
UBERON_0010540;UBERON_0004765
UBERON_0003461;UBERON_0004765
UBERON_0001428;UBERON_0004765
UBERON_0015025;UBERON_0004765
UBERON_0015026;UBERON_0004765
UBERON_0000084;UBERON_0002113
UBERON_0006669;UBERON_0004765
UBERON_0018602;UBERON_0004765
UBERON_0013587;UBERON_0004765
UBERON_0015068;UBERON_0004765
UBERON_0007842;UBERON_0004765
UBERON_0016401;UBERON_0005057
UBERON_0003646;UBERON_0004765
UBERON_0016453;UBERON_0004765
UBERON_0003386;UBERON_0000970
UBERON_0009115;UBERON_0005057
UBERON_0010728;UBERON_0004765
UBERON_0000979;UBERON_0004765
UBERON_0017670;UBERON_0004765
UBERON_0004385;UBERON_0004765
UBERON_0001740;UBERON_0004765
UBERON_0006287;UBERON_0004765
UBERON_0013774;UBERON_0004765
UBERON_0015051;UBERON_0004765
UBERON_0016402;UBERON_0005057
UBERON_0015033;UBERON_0004765
UBERON_0004392;UBERON_0004765
UBERON_0004247;UBERON_0004765
UBERON_0008828;UBERON_0004765
UBERON_0004408;UBERON_0004765
UBERON_0004375;UBERON_0004765
UBERON_0017750;UBERON_0004765
UBERON_0005145;UBERON_0002113
UBERON_0013583;UBERON_0004765
UBERON_0002525;UBERON_0005057
UBERON_0004248;UBERON_0004765
UBERON_0004301;UBERON_0004765
UBERON_0015103;UBERON_0004765
UBERON_0007171;UBERON_0004765
UBERON_0011301;UBERON_0004765
UBERON_0016520;UBERON_0000057
UBERON_0003862;UBERON_0004765
UBERON_0035130;UBERON_0004765
UBERON_0018572;UBERON_0004765
UBERON_0004427;UBERON_0004765
UBERON_0002237;UBERON_0004765
UBERON_0017748;UBERON_0004765
UBERON_0000218;UBERON_0004765
UBERON_0000398;UBERON_0004765
UBERON_0004813;UBERON_0000991
UBERON_0015018;UBERON_0004765
UBERON_0001093;UBERON_0004765
UBERON_0010544;UBERON_0004765
UBERON_0006713;UBERON_0004765
UBERON_0003607;UBERON_0004765
UBERON_0008000;UBERON_0004765
UBERON_0007713;UBERON_0000045
UBERON_0009639;UBERON_0004765
UBERON_0013633;UBERON_0004765
UBERON_0015052;UBERON_0004765
UBERON_0000086;UBERON_0000991
